{
  "id": "1824593",
  "name": "1",
  "font_family": "iconfont",
  "css_prefix_text": "icon-",
  "description": "",
  "glyphs": [
    {
      "icon_id": "13119205",
      "name": "收起",
      "font_class": "shouqi",
      "unicode": "e7d3",
      "unicode_decimal": 59347
    },
    {
      "icon_id": "13119206",
      "name": "展开",
      "font_class": "zhankai",
      "unicode": "e7d4",
      "unicode_decimal": 59348
    },
    {
      "icon_id": "11474353",
      "name": "similar-product",
      "font_class": "similar-product",
      "unicode": "e707",
      "unicode_decimal": 59143
    },
    {
      "icon_id": "11487993",
      "name": "bags",
      "font_class": "bags",
      "unicode": "e745",
      "unicode_decimal": 59205
    },
    {
      "icon_id": "11488024",
      "name": "Customer management",
      "font_class": "Customermanagement",
      "unicode": "e74b",
      "unicode_decimal": 59211
    },
    {
      "icon_id": "11488138",
      "name": "suggest",
      "font_class": "suggest",
      "unicode": "e767",
      "unicode_decimal": 59239
    },
    {
      "icon_id": "12012167",
      "name": "trading data",
      "font_class": "tradingdata",
      "unicode": "e7b5",
      "unicode_decimal": 59317
    },
    {
      "icon_id": "14680888",
      "name": "icon-personal",
      "font_class": "personal",
      "unicode": "e60d",
      "unicode_decimal": 58893
    },
    {
      "icon_id": "14681100",
      "name": "icon-lock",
      "font_class": "lock",
      "unicode": "e621",
      "unicode_decimal": 58913
    }
  ]
}
